v,g1,g2,g3,g4,g5,mean,std
4,136.504030,221.869138,23613.583807,194.177267,159.639019,4865.154652,9374.259864
